2025-10-13_21-16-01,None,draft.py:2025-10-13_21-16-01
2025-10-13_21-16-03,None,draft.py:2025-10-13_21-16-01
2025-10-25_15-19-52,None,draft.py:2025-10-13_21-16-01
2025-10-25_15-43-37,None,draft.py:2025-10-25_15-43-37
2025-10-25_15-46-35,None,draft.py:2025-10-25_15-46-35
2025-10-25_15-47-00,None,draft.py:2025-10-25_15-47-00
2025-10-25_15-47-03,None,draft.py:2025-10-25_15-47-00
2025-10-25_15-47-05,None,draft.py:2025-10-25_15-47-00
2025-10-25_15-47-54,None,draft.py:2025-10-25_15-47-54
2025-10-25_15-48-43,None,draft.py:2025-10-25_15-48-43
2025-10-25_15-57-52,None,draft.py:2025-10-25_15-57-52
2025-10-25_15-58-20,None,draft.py:2025-10-25_15-58-20
2025-10-25_15-58-55,None,draft.py:2025-10-25_15-58-55
2025-10-25_16-01-35,None,draft.py:2025-10-25_16-01-35
2025-10-25_16-03-16,None,draft.py:2025-10-25_16-03-16
2025-10-25_16-03-58,None,draft.py:2025-10-25_16-03-58
2025-10-25_16-14-37,None,draft.py:2025-10-25_16-03-58
2025-10-25_16-16-12,None,draft.py:2025-10-25_16-16-12
2025-10-25_16-19-22,None,draft.py:2025-10-25_16-19-22
2025-10-25_16-20-16,None,draft.py:2025-10-25_16-19-22
2025-10-25_16-21-31,None,draft.py:2025-10-25_16-19-22
2025-10-25_16-22-07,None,draft.py:2025-10-25_16-22-07
2025-10-25_16-22-25,None,draft.py:2025-10-25_16-22-25
2025-10-25_16-23-33,None,draft.py:2025-10-25_16-23-33
2025-10-25_16-24-55,None,draft.py:2025-10-25_16-24-55
2025-10-25_16-25-37,None,draft.py:2025-10-25_16-25-37
2025-10-25_16-25-58,None,draft.py:2025-10-25_16-25-58
2025-10-25_16-27-37,None,draft.py:2025-10-25_16-27-37
2025-10-25_16-29-09,None,draft.py:2025-10-25_16-29-09
2025-10-25_16-29-51,None,draft.py:2025-10-25_16-29-51
2025-10-25_16-31-06,None,draft.py:2025-10-25_16-31-06
2025-10-25_16-34-22,None,draft.py:2025-10-25_16-34-22
2025-10-25_16-35-25,None,draft.py:2025-10-25_16-35-25
2025-10-25_16-36-18,None,draft.py:2025-10-25_16-36-18
