2025-10-13_21-15-53,None,draft.py:2025-10-13_21-15-53
2025-10-22_01-54-57,None,draft.py:2025-10-13_21-15-53
2025-10-25_23-20-58,None,draft.py:2025-10-13_21-15-53
2025-10-25_23-28-37,None,draft.py:2025-10-25_23-28-37
2025-10-25_23-34-07,None,draft.py:2025-10-25_23-34-07
2025-10-25_23-35-29,None,draft.py:2025-10-25_23-35-29
2025-10-25_23-36-49,None,draft.py:2025-10-25_23-36-49
2025-10-25_23-43-54,None,draft.py:2025-10-25_23-36-49
2025-10-27_20-32-48,None,draft.py:2025-10-25_23-36-49
2025-10-27_20-32-49,None,draft.py:2025-10-25_23-36-49
