2025-10-25_16-40-55,None,draft.py:2025-10-25_16-40-55
2025-10-27_20-49-45,None,draft.py:2025-10-25_16-40-55
2025-10-28_01-28-12,None,draft.py:2025-10-25_16-40-55
2025-10-28_01-34-42,None,draft.py:2025-10-28_01-34-42
2025-10-28_01-34-48,None,draft.py:2025-10-28_01-34-48
2025-10-28_01-35-58,None,draft.py:2025-10-28_01-35-58
2025-10-28_01-37-18,None,draft.py:2025-10-28_01-37-18
2025-10-28_01-37-36,None,draft.py:2025-10-28_01-37-36
2025-10-28_01-37-57,None,draft.py:2025-10-28_01-37-57
2025-10-28_01-41-55,None,draft.py:2025-10-28_01-41-55
2025-10-28_01-42-13,None,draft.py:2025-10-28_01-42-13
2025-10-28_01-43-00,None,draft.py:2025-10-28_01-43-00
2025-10-28_12-24-52,None,draft.py:2025-10-28_01-43-00
2025-10-28_12-33-05,None,draft.py:2025-10-28_12-33-05
2025-10-28_12-43-07,None,draft.py:2025-10-28_12-43-07
2025-10-28_12-43-30,None,draft.py:2025-10-28_12-43-30
2025-10-28_12-49-43,None,draft.py:2025-10-28_12-49-43
2025-10-28_12-52-06,None,draft.py:2025-10-28_12-52-06
2025-10-28_12-53-14,None,draft.py:2025-10-28_12-53-14
2025-10-28_12-53-36,None,draft.py:2025-10-28_12-53-36
2025-10-28_12-53-59,None,draft.py:2025-10-28_12-53-59
2025-10-28_12-54-13,None,draft.py:2025-10-28_12-54-13
2025-10-28_12-56-34,None,draft.py:2025-10-28_12-56-34
2025-10-28_12-56-52,None,draft.py:2025-10-28_12-56-52
2025-10-28_13-03-54,None,draft.py:2025-10-28_13-03-54
